Muni;Mun1;CodigoMunicipio;CodMun ;Mun2
LETICIA;Leticia;91001;91001;Leticia
EL ENCANTO;El Encanto;91263;91263;El Encanto
LA CHORRERA;La Chorrera;91405;91405;La Chorrera
LA PEDRERA;La Pedrera;91407;91407;La Pedrera
LA VICTORIA;La Victoria;91430;91430;La Victoria
MIRITI - PARANÁ;Miriti - Paraná;91460;91460;Miriti - Paraná
PUERTO ALEGRÍA;Puerto Alegría;91530;91530;Puerto Alegría
PUERTO ARICA;Puerto Arica;91536;91536;Puerto Arica
PUERTO NARIÑO;Puerto Nariño;91540;91540;Puerto Nariño
PUERTO SANTANDER;Puerto Santander;91669;91669;Puerto Santander
TARAPACÁ;Tarapacá;91798;91798;Tarapacá
MEDELLÍN;Medellín;5001;5001;Medellín
ABEJORRAL;Abejorral;5002;5002;Abejorral
ABRIAQUÍ;Abriaquí;5004;5004;Abriaquí
ALEJANDRÍA;Alejandría;5021;5021;Alejandría
AMAGÁ;Amagá;5030;5030;Amagá
AMALFI;Amalfi;5031;5031;Amalfi
ANDES;Andes;5034;5034;Andes
ANGELÓPOLIS;Angelópolis;5036;5036;Angelópolis
ANGOSTURA;Angostura;5038;5038;Angostura
ANORÍ;Anorí;5040;5040;Anorí
SANTAFÉ DE ANTIOQUIA;Santafé De Antioquia;5042;5042;Santafé De Antioquia
ANZA;Anza;5044;5044;Anza
APARTADÓ;Apartadó;5045;5045;Apartadó
ARBOLETES;Arboletes;5051;5051;Arboletes
ARGELIA;Argelia;5055;5055;Argelia
ARMENIA;Armenia;5059;5059;Armenia
BARBOSA;Barbosa;5079;5079;Barbosa
BELMIRA;Belmira;5086;5086;Belmira
BELLO;Bello;5088;5088;Bello
BETANIA;Betania;5091;5091;Betania
BETULIA;Betulia;5093;5093;Betulia
CIUDAD BOLÍVAR;Ciudad Bolívar;5101;5101;Ciudad Bolívar
BRICEÑO;Briceño;5107;5107;Briceño
BURITICÁ;Buriticá;5113;5113;Buriticá
CÁCERES;Cáceres;5120;5120;Cáceres
CAICEDO;Caicedo;5125;5125;Caicedo
CALDAS;Caldas;5129;5129;Caldas
CAMPAMENTO;Campamento;5134;5134;Campamento
CAÑASGORDAS;Cañasgordas;5138;5138;Cañasgordas
CARACOLÍ;Caracolí;5142;5142;Caracolí
CARAMANTA;Caramanta;5145;5145;Caramanta
CAREPA;Carepa;5147;5147;Carepa
EL CARMEN DE VIBORAL;El Carmen De Viboral;5148;5148;El Carmen De Viboral
CAROLINA;Carolina;5150;5150;Carolina
CAUCASIA;Caucasia;5154;5154;Caucasia
CHIGORODÓ;Chigorodó;5172;5172;Chigorodó
CISNEROS;Cisneros;5190;5190;Cisneros
COCORNÁ;Cocorná;5197;5197;Cocorná
CONCEPCIÓN;Concepción;5206;5206;Concepción
CONCORDIA;Concordia;5209;5209;Concordia
COPACABANA;Copacabana;5212;5212;Copacabana
DABEIBA;Dabeiba;5234;5234;Dabeiba
DONMATÍAS;Donmatías;5237;5237;Donmatías
EBÉJICO;Ebéjico;5240;5240;Ebéjico
EL BAGRE;El Bagre;5250;5250;El Bagre
ENTRERRIOS;Entrerrios;5264;5264;Entrerrios
ENVIGADO;Envigado;5266;5266;Envigado
FREDONIA;Fredonia;5282;5282;Fredonia
FRONTINO;Frontino;5284;5284;Frontino
GIRALDO;Giraldo;5306;5306;Giraldo
GIRARDOTA;Girardota;5308;5308;Girardota
GÓMEZ PLATA;Gómez Plata;5310;5310;Gómez Plata
GRANADA;Granada;5313;5313;Granada
GUADALUPE;Guadalupe;5315;5315;Guadalupe
GUARNE;Guarne;5318;5318;Guarne
GUATAPE;Guatape;5321;5321;Guatape
HELICONIA;Heliconia;5347;5347;Heliconia
HISPANIA;Hispania;5353;5353;Hispania
ITAGUI;Itagui;5360;5360;Itagui
ITUANGO;Ituango;5361;5361;Ituango
JARDÍN;Jardín;5364;5364;Jardín
JERICÓ;Jericó;5368;5368;Jericó
LA CEJA;La Ceja;5376;5376;La Ceja
LA ESTRELLA;La Estrella;5380;5380;La Estrella
LA PINTADA;La Pintada;5390;5390;La Pintada
LA UNIÓN;La Unión;5400;5400;La Unión
LIBORINA;Liborina;5411;5411;Liborina
MACEO;Maceo;5425;5425;Maceo
MARINILLA;Marinilla;5440;5440;Marinilla
MONTEBELLO;Montebello;5467;5467;Montebello
MURINDÓ;Murindó;5475;5475;Murindó
MUTATÁ;Mutatá;5480;5480;Mutatá
NARIÑO;Nariño;5483;5483;Nariño
NECOCLÍ;Necoclí;5490;5490;Necoclí
NECHÍ;Nechí;5495;5495;Nechí
OLAYA;Olaya;5501;5501;Olaya
PEÑOL;Peñol;5541;5541;Peñol
PEQUE;Peque;5543;5543;Peque
PUEBLORRICO;Pueblorrico;5576;5576;Pueblorrico
PUERTO BERRÍO;Puerto Berrío;5579;5579;Puerto Berrío
PUERTO NARE;Puerto Nare;5585;5585;Puerto Nare
PUERTO TRIUNFO;Puerto Triunfo;5591;5591;Puerto Triunfo
REMEDIOS;Remedios;5604;5604;Remedios
RETIRO;Retiro;5607;5607;Retiro
RIONEGRO;Rionegro;5615;5615;Rionegro
SABANALARGA;Sabanalarga;5628;5628;Sabanalarga
SABANETA;Sabaneta;5631;5631;Sabaneta
SALGAR;Salgar;5642;5642;Salgar
SAN ANDRÉS DE CUERQUÍA;San Andrés De Cuerquía;5647;5647;San Andrés De Cuerquía
SAN CARLOS;San Carlos;5649;5649;San Carlos
SAN FRANCISCO;San Francisco;5652;5652;San Francisco
SAN JERÓNIMO;San Jerónimo;5656;5656;San Jerónimo
SAN JOSÉ DE LA MONTAÑA;San José De La Montaña;5658;5658;San José De La Montaña
SAN JUAN DE URABÁ;San Juan De Urabá;5659;5659;San Juan De Urabá
SAN LUIS;San Luis;5660;5660;San Luis
SAN PEDRO DE LOS MILAGROS;San Pedro De Los Milagros;5664;5664;San Pedro De Los Milagros
SAN PEDRO DE URABA;San Pedro De Uraba;5665;5665;San Pedro De Uraba
SAN RAFAEL;San Rafael;5667;5667;San Rafael
SAN ROQUE;San Roque;5670;5670;San Roque
SAN VICENTE;San Vicente;5674;5674;San Vicente
SANTA BÁRBARA;Santa Bárbara;5679;5679;Santa Bárbara
SANTA ROSA DE OSOS;Santa Rosa De Osos;5686;5686;Santa Rosa De Osos
SANTO DOMINGO;Santo Domingo;5690;5690;Santo Domingo
EL SANTUARIO;El Santuario;5697;5697;El Santuario
SEGOVIA;Segovia;5736;5736;Segovia
SONSON;Sonson;5756;5756;Sonson
SOPETRÁN;Sopetrán;5761;5761;Sopetrán
TÁMESIS;Támesis;5789;5789;Támesis
TARAZÁ;Tarazá;5790;5790;Tarazá
TARSO;Tarso;5792;5792;Tarso
TITIRIBÍ;Titiribí;5809;5809;Titiribí
TOLEDO;Toledo;5819;5819;Toledo
TURBO;Turbo;5837;5837;Turbo
URAMITA;Uramita;5842;5842;Uramita
URRAO;Urrao;5847;5847;Urrao
VALDIVIA;Valdivia;5854;5854;Valdivia
VALPARAÍSO;Valparaíso;5856;5856;Valparaíso
VEGACHÍ;Vegachí;5858;5858;Vegachí
VENECIA;Venecia;5861;5861;Venecia
VIGÍA DEL FUERTE;Vigía Del Fuerte;5873;5873;Vigía Del Fuerte
YALÍ;Yalí;5885;5885;Yalí
YARUMAL;Yarumal;5887;5887;Yarumal
YOLOMBÓ;Yolombó;5890;5890;Yolombó
YONDÓ;Yondó;5893;5893;Yondó
ZARAGOZA;Zaragoza;5895;5895;Zaragoza
ARAUCA;Arauca;81001;81001;Arauca
ARAUQUITA;Arauquita;81065;81065;Arauquita
CRAVO NORTE;Cravo Norte;81220;81220;Cravo Norte
FORTUL;Fortul;81300;81300;Fortul
PUERTO RONDÓN;Puerto Rondón;81591;81591;Puerto Rondón
SARAVENA;Saravena;81736;81736;Saravena
TAME;Tame;81794;81794;Tame
BARRANQUILLA;Barranquilla;8001;8001;Barranquilla
BARANOA;Baranoa;8078;8078;Baranoa
CAMPO DE LA CRUZ;Campo De La Cruz;8137;8137;Campo De La Cruz
CANDELARIA;Candelaria;8141;8141;Candelaria
GALAPA;Galapa;8296;8296;Galapa
JUAN DE ACOSTA;Juan De Acosta;8372;8372;Juan De Acosta
LURUACO;Luruaco;8421;8421;Luruaco
MALAMBO;Malambo;8433;8433;Malambo
MANATÍ;Manatí;8436;8436;Manatí
PALMAR DE VARELA;Palmar De Varela;8520;8520;Palmar De Varela
PIOJÓ;Piojó;8549;8549;Piojó
POLONUEVO;Polonuevo;8558;8558;Polonuevo
PONEDERA;Ponedera;8560;8560;Ponedera
PUERTO COLOMBIA;Puerto Colombia;8573;8573;Puerto Colombia
REPELÓN;Repelón;8606;8606;Repelón
SABANAGRANDE;Sabanagrande;8634;8634;Sabanagrande
SABANALARGA;Sabanalarga;8638;8638;Sabanalarga
SANTA LUCÍA;Santa Lucía;8675;8675;Santa Lucía
SANTO TOMÁS;Santo Tomás;8685;8685;Santo Tomás
SOLEDAD;Soledad;8758;8758;Soledad
SUAN;Suan;8770;8770;Suan
TUBARÁ;Tubará;8832;8832;Tubará
USIACURÍ;Usiacurí;8849;8849;Usiacurí
BOGOTÁ;Bogotá;11001;11001;Bogotá
CARTAGENA;Cartagena;13001;13001;Cartagena
ACHÍ;Achí;13006;13006;Achí
ALTOS DEL ROSARIO;Altos Del Rosario;13030;13030;Altos Del Rosario
ARENAL;Arenal;13042;13042;Arenal
ARJONA;Arjona;13052;13052;Arjona
ARROYOHONDO;Arroyohondo;13062;13062;Arroyohondo
BARRANCO DE LOBA;Barranco De Loba;13074;13074;Barranco De Loba
CALAMAR;Calamar;13140;13140;Calamar
CANTAGALLO;Cantagallo;13160;13160;Cantagallo
CICUCO;Cicuco;13188;13188;Cicuco
CÓRDOBA;Córdoba;13212;13212;Córdoba
CLEMENCIA;Clemencia;13222;13222;Clemencia
EL CARMEN DE BOLÍVAR;El Carmen De Bolívar;13244;13244;El Carmen De Bolívar
EL GUAMO;El Guamo;13248;13248;El Guamo
EL PEÑÓN;El Peñón;13268;13268;El Peñón
HATILLO DE LOBA;Hatillo De Loba;13300;13300;Hatillo De Loba
MAGANGUÉ;Magangué;13430;13430;Magangué
MAHATES;Mahates;13433;13433;Mahates
MARGARITA;Margarita;13440;13440;Margarita
MARÍA LA BAJA;María La Baja;13442;13442;María La Baja
MONTECRISTO;Montecristo;13458;13458;Montecristo
MOMPÓS;Mompós;13468;13468;Mompós
MORALES;Morales;13473;13473;Morales
NOROSÍ;Norosí;13490;13490;Norosí
PINILLOS;Pinillos;13549;13549;Pinillos
REGIDOR;Regidor;13580;13580;Regidor
RÍO VIEJO;Río Viejo;13600;13600;Río Viejo
SAN CRISTÓBAL;San Cristóbal;13620;13620;San Cristóbal
SAN ESTANISLAO;San Estanislao;13647;13647;San Estanislao
SAN FERNANDO;San Fernando;13650;13650;San Fernando
SAN JACINTO;San Jacinto;13654;13654;San Jacinto
SAN JACINTO DEL CAUCA;San Jacinto Del Cauca;13655;13655;San Jacinto Del Cauca
SAN JUAN NEPOMUCENO;San Juan Nepomuceno;13657;13657;San Juan Nepomuceno
SAN MARTÍN DE LOBA;San Martín De Loba;13667;13667;San Martín De Loba
SAN PABLO;San Pablo;13670;13670;San Pablo
SANTA CATALINA;Santa Catalina;13673;13673;Santa Catalina
SANTA ROSA;Santa Rosa;13683;13683;Santa Rosa
SANTA ROSA DEL SUR;Santa Rosa Del Sur;13688;13688;Santa Rosa Del Sur
SIMITÍ;Simití;13744;13744;Simití
SOPLAVIENTO;Soplaviento;13760;13760;Soplaviento
TALAIGUA NUEVO;Talaigua Nuevo;13780;13780;Talaigua Nuevo
TIQUISIO;Tiquisio;13810;13810;Tiquisio
TURBACO;Turbaco;13836;13836;Turbaco
TURBANÁ;Turbaná;13838;13838;Turbaná
VILLANUEVA;Villanueva;13873;13873;Villanueva
ZAMBRANO;Zambrano;13894;13894;Zambrano
TUNJA;Tunja;15001;15001;Tunja
ALMEIDA;Almeida;15022;15022;Almeida
AQUITANIA;Aquitania;15047;15047;Aquitania
ARCABUCO;Arcabuco;15051;15051;Arcabuco
BELÉN;Belén;15087;15087;Belén
BERBEO;Berbeo;15090;15090;Berbeo
BETÉITIVA;Betéitiva;15092;15092;Betéitiva
BOAVITA;Boavita;15097;15097;Boavita
BOYACÁ;Boyacá;15104;15104;Boyacá
BRICEÑO;Briceño;15106;15106;Briceño
BUENAVISTA;Buenavista;15109;15109;Buenavista
BUSBANZÁ;Busbanzá;15114;15114;Busbanzá
CALDAS;Caldas;15131;15131;Caldas
CAMPOHERMOSO;Campohermoso;15135;15135;Campohermoso
CERINZA;Cerinza;15162;15162;Cerinza
CHINAVITA;Chinavita;15172;15172;Chinavita
CHIQUINQUIRÁ;Chiquinquirá;15176;15176;Chiquinquirá
CHISCAS;Chiscas;15180;15180;Chiscas
CHITA;Chita;15183;15183;Chita
CHITARAQUE;Chitaraque;15185;15185;Chitaraque
CHIVATÁ;Chivatá;15187;15187;Chivatá
CIÉNEGA;Ciénega;15189;15189;Ciénega
CÓMBITA;Cómbita;15204;15204;Cómbita
COPER;Coper;15212;15212;Coper
CORRALES;Corrales;15215;15215;Corrales
COVARACHÍA;Covarachía;15218;15218;Covarachía
CUBARÁ;Cubará;15223;15223;Cubará
CUCAITA;Cucaita;15224;15224;Cucaita
CUÍTIVA;Cuítiva;15226;15226;Cuítiva
CHÍQUIZA;Chíquiza;15232;15232;Chíquiza
CHIVOR;Chivor;15236;15236;Chivor
DUITAMA;Duitama;15238;15238;Duitama
EL COCUY;El Cocuy;15244;15244;El Cocuy
EL ESPINO;El Espino;15248;15248;El Espino
FIRAVITOBA;Firavitoba;15272;15272;Firavitoba
FLORESTA;Floresta;15276;15276;Floresta
GACHANTIVÁ;Gachantivá;15293;15293;Gachantivá
GAMEZA;Gameza;15296;15296;Gameza
GARAGOA;Garagoa;15299;15299;Garagoa
GUACAMAYAS;Guacamayas;15317;15317;Guacamayas
GUATEQUE;Guateque;15322;15322;Guateque
GUAYATÁ;Guayatá;15325;15325;Guayatá
GÜICÁN;Güicán;15332;15332;Güicán
IZA;Iza;15362;15362;Iza
JENESANO;Jenesano;15367;15367;Jenesano
JERICÓ;Jericó;15368;15368;Jericó
LABRANZAGRANDE;Labranzagrande;15377;15377;Labranzagrande
LA CAPILLA;La Capilla;15380;15380;La Capilla
LA VICTORIA;La Victoria;15401;15401;La Victoria
LA UVITA;La Uvita;15403;15403;La Uvita
VILLA DE LEYVA;Villa De Leyva;15407;15407;Villa De Leyva
MACANAL;Macanal;15425;15425;Macanal
MARIPÍ;Maripí;15442;15442;Maripí
MIRAFLORES;Miraflores;15455;15455;Miraflores
MONGUA;Mongua;15464;15464;Mongua
MONGUÍ;Monguí;15466;15466;Monguí
MONIQUIRÁ;Moniquirá;15469;15469;Moniquirá
MOTAVITA;Motavita;15476;15476;Motavita
MUZO;Muzo;15480;15480;Muzo
NOBSA;Nobsa;15491;15491;Nobsa
NUEVO COLÓN;Nuevo Colón;15494;15494;Nuevo Colón
OICATÁ;Oicatá;15500;15500;Oicatá
OTANCHE;Otanche;15507;15507;Otanche
PACHAVITA;Pachavita;15511;15511;Pachavita
PÁEZ;Páez;15514;15514;Páez
PAIPA;Paipa;15516;15516;Paipa
PAJARITO;Pajarito;15518;15518;Pajarito
PANQUEBA;Panqueba;15522;15522;Panqueba
PAUNA;Pauna;15531;15531;Pauna
PAYA;Paya;15533;15533;Paya
PAZ DE RÍO;Paz De Río;15537;15537;Paz De Río
PESCA;Pesca;15542;15542;Pesca
PISBA;Pisba;15550;15550;Pisba
PUERTO BOYACÁ;Puerto Boyacá;15572;15572;Puerto Boyacá
QUÍPAMA;Quípama;15580;15580;Quípama
RAMIRIQUÍ;Ramiriquí;15599;15599;Ramiriquí
RÁQUIRA;Ráquira;15600;15600;Ráquira
RONDÓN;Rondón;15621;15621;Rondón
SABOYÁ;Saboyá;15632;15632;Saboyá
SÁCHICA;Sáchica;15638;15638;Sáchica
SAMACÁ;Samacá;15646;15646;Samacá
SAN EDUARDO;San Eduardo;15660;15660;San Eduardo
SAN JOSÉ DE PARE;San José De Pare;15664;15664;San José De Pare
SAN LUIS DE GACENO;San Luis De Gaceno;15667;15667;San Luis De Gaceno
SAN MATEO;San Mateo;15673;15673;San Mateo
SAN MIGUEL DE SEMA;San Miguel De Sema;15676;15676;San Miguel De Sema
SAN PABLO DE BORBUR;San Pablo De Borbur;15681;15681;San Pablo De Borbur
SANTANA;Santana;15686;15686;Santana
SANTA MARÍA;Santa María;15690;15690;Santa María
SANTA ROSA DE VITERBO;Santa Rosa De Viterbo;15693;15693;Santa Rosa De Viterbo
SANTA SOFÍA;Santa Sofía;15696;15696;Santa Sofía
SATIVANORTE;Sativanorte;15720;15720;Sativanorte
SATIVASUR;Sativasur;15723;15723;Sativasur
SIACHOQUE;Siachoque;15740;15740;Siachoque
SOATÁ;Soatá;15753;15753;Soatá
SOCOTÁ;Socotá;15755;15755;Socotá
SOCHA;Socha;15757;15757;Socha
SOGAMOSO;Sogamoso;15759;15759;Sogamoso
SOMONDOCO;Somondoco;15761;15761;Somondoco
SORA;Sora;15762;15762;Sora
SOTAQUIRÁ;Sotaquirá;15763;15763;Sotaquirá
SORACÁ;Soracá;15764;15764;Soracá
SUSACÓN;Susacón;15774;15774;Susacón
SUTAMARCHÁN;Sutamarchán;15776;15776;Sutamarchán
SUTATENZA;Sutatenza;15778;15778;Sutatenza
TASCO;Tasco;15790;15790;Tasco
TENZA;Tenza;15798;15798;Tenza
TIBANÁ;Tibaná;15804;15804;Tibaná
TIBASOSA;Tibasosa;15806;15806;Tibasosa
TINJACÁ;Tinjacá;15808;15808;Tinjacá
TIPACOQUE;Tipacoque;15810;15810;Tipacoque
TOCA;Toca;15814;15814;Toca
TOGÜÍ;Togüí;15816;15816;Togüí
TÓPAGA;Tópaga;15820;15820;Tópaga
TOTA;Tota;15822;15822;Tota
TUNUNGUÁ;Tununguá;15832;15832;Tununguá
TURMEQUÉ;Turmequé;15835;15835;Turmequé
TUTA;Tuta;15837;15837;Tuta
TUTAZÁ;Tutazá;15839;15839;Tutazá
UMBITA;Umbita;15842;15842;Umbita
VENTAQUEMADA;Ventaquemada;15861;15861;Ventaquemada
VIRACACHÁ;Viracachá;15879;15879;Viracachá
ZETAQUIRA;Zetaquira;15897;15897;Zetaquira
MANIZALES;Manizales;17001;17001;Manizales
AGUADAS;Aguadas;17013;17013;Aguadas
ANSERMA;Anserma;17042;17042;Anserma
ARANZAZU;Aranzazu;17050;17050;Aranzazu
BELALCÁZAR;Belalcázar;17088;17088;Belalcázar
CHINCHINÁ;Chinchiná;17174;17174;Chinchiná
FILADELFIA;Filadelfia;17272;17272;Filadelfia
LA DORADA;La Dorada;17380;17380;La Dorada
LA MERCED;La Merced;17388;17388;La Merced
MANZANARES;Manzanares;17433;17433;Manzanares
MARMATO;Marmato;17442;17442;Marmato
MARQUETALIA;Marquetalia;17444;17444;Marquetalia
MARULANDA;Marulanda;17446;17446;Marulanda
NEIRA;Neira;17486;17486;Neira
NORCASIA;Norcasia;17495;17495;Norcasia
PÁCORA;Pácora;17513;17513;Pácora
PALESTINA;Palestina;17524;17524;Palestina
PENSILVANIA;Pensilvania;17541;17541;Pensilvania
RIOSUCIO;Riosucio;17614;17614;Riosucio
RISARALDA;Risaralda;17616;17616;Risaralda
SALAMINA;Salamina;17653;17653;Salamina
SAMANÁ;Samaná;17662;17662;Samaná
SAN JOSÉ;San José;17665;17665;San José
SUPÍA;Supía;17777;17777;Supía
VICTORIA;Victoria;17867;17867;Victoria
VILLAMARÍA;Villamaría;17873;17873;Villamaría
VITERBO;Viterbo;17877;17877;Viterbo
FLORENCIA;Florencia;18001;18001;Florencia
ALBANIA;Albania;18029;18029;Albania
BELÉN DE LOS ANDAQUÍES;Belén De Los Andaquíes;18094;18094;Belén De Los Andaquíes
CARTAGENA DEL CHAIRÁ;Cartagena Del Chairá;18150;18150;Cartagena Del Chairá
CURILLO;Curillo;18205;18205;Curillo
EL DONCELLO;El Doncello;18247;18247;El Doncello
EL PAUJIL;El Paujil;18256;18256;El Paujil
LA MONTAÑITA;La Montañita;18410;18410;La Montañita
MILÁN;Milán;18460;18460;Milán
MORELIA;Morelia;18479;18479;Morelia
PUERTO RICO;Puerto Rico;18592;18592;Puerto Rico
SAN JOSÉ DEL FRAGUA;San José Del Fragua;18610;18610;San José Del Fragua
SAN VICENTE DEL CAGUÁN;San Vicente Del Caguán;18753;18753;San Vicente Del Caguán
SOLANO;Solano;18756;18756;Solano
SOLITA;Solita;18785;18785;Solita
VALPARAÍSO;Valparaíso;18860;18860;Valparaíso
YOPAL;Yopal;85001;85001;Yopal
AGUAZUL;Aguazul;85010;85010;Aguazul
CHAMEZA;Chameza;85015;85015;Chameza
HATO COROZAL;Hato Corozal;85125;85125;Hato Corozal
LA SALINA;La Salina;85136;85136;La Salina
MANÍ;Maní;85139;85139;Maní
MONTERREY;Monterrey;85162;85162;Monterrey
NUNCHÍA;Nunchía;85225;85225;Nunchía
OROCUÉ;Orocué;85230;85230;Orocué
PAZ DE ARIPORO;Paz De Ariporo;85250;85250;Paz De Ariporo
PORE;Pore;85263;85263;Pore
RECETOR;Recetor;85279;85279;Recetor
SABANALARGA;Sabanalarga;85300;85300;Sabanalarga
SÁCAMA;Sácama;85315;85315;Sácama
SAN LUIS DE PALENQUE;San Luis De Palenque;85325;85325;San Luis De Palenque
TÁMARA;Támara;85400;85400;Támara
TAURAMENA;Tauramena;85410;85410;Tauramena
TRINIDAD;Trinidad;85430;85430;Trinidad
VILLANUEVA;Villanueva;85440;85440;Villanueva
POPAYÁN;Popayán;19001;19001;Popayán
ALMAGUER;Almaguer;19022;19022;Almaguer
ARGELIA;Argelia;19050;19050;Argelia
BALBOA;Balboa;19075;19075;Balboa
BOLÍVAR;Bolívar;19100;19100;Bolívar
BUENOS AIRES;Buenos Aires;19110;19110;Buenos Aires
CAJIBÍO;Cajibío;19130;19130;Cajibío
CALDONO;Caldono;19137;19137;Caldono
CALOTO;Caloto;19142;19142;Caloto
CORINTO;Corinto;19212;19212;Corinto
EL TAMBO;El Tambo;19256;19256;El Tambo
FLORENCIA;Florencia;19290;19290;Florencia
GUACHENÉ;Guachené;19300;19300;Guachené
GUAPI;Guapi;19318;19318;Guapi
INZÁ;Inzá;19355;19355;Inzá
JAMBALÓ;Jambaló;19364;19364;Jambaló
LA SIERRA;La Sierra;19392;19392;La Sierra
LA VEGA;La Vega;19397;19397;La Vega
LÓPEZ;López;19418;19418;López
MERCADERES;Mercaderes;19450;19450;Mercaderes
MIRANDA;Miranda;19455;19455;Miranda
MORALES;Morales;19473;19473;Morales
PADILLA;Padilla;19513;19513;Padilla
PAEZ;Paez;19517;19517;Paez
PATÍA;Patía;19532;19532;Patía
PIAMONTE;Piamonte;19533;19533;Piamonte
PIENDAMÓ;Piendamó;19548;19548;Piendamó
PUERTO TEJADA;Puerto Tejada;19573;19573;Puerto Tejada
PURACÉ;Puracé;19585;19585;Puracé
ROSAS;Rosas;19622;19622;Rosas
SAN SEBASTIÁN;San Sebastián;19693;19693;San Sebastián
SANTANDER DE QUILICHAO;Santander De Quilichao;19698;19698;Santander De Quilichao
SANTA ROSA;Santa Rosa;19701;19701;Santa Rosa
SILVIA;Silvia;19743;19743;Silvia
SOTARA;Sotara;19760;19760;Sotara
SUÁREZ;Suárez;19780;19780;Suárez
SUCRE;Sucre;19785;19785;Sucre
TIMBÍO;Timbío;19807;19807;Timbío
TIMBIQUÍ;Timbiquí;19809;19809;Timbiquí
TORIBIO;Toribio;19821;19821;Toribio
TOTORÓ;Totoró;19824;19824;Totoró
VILLA RICA;Villa Rica;19845;19845;Villa Rica
VALLEDUPAR;Valledupar;20001;20001;Valledupar
AGUACHICA;Aguachica;20011;20011;Aguachica
AGUSTÍN CODAZZI;Agustín Codazzi;20013;20013;Agustín Codazzi
ASTREA;Astrea;20032;20032;Astrea
BECERRIL;Becerril;20045;20045;Becerril
BOSCONIA;Bosconia;20060;20060;Bosconia
CHIMICHAGUA;Chimichagua;20175;20175;Chimichagua
CHIRIGUANÁ;Chiriguaná;20178;20178;Chiriguaná
CURUMANÍ;Curumaní;20228;20228;Curumaní
EL COPEY;El Copey;20238;20238;El Copey
EL PASO;El Paso;20250;20250;El Paso
GAMARRA;Gamarra;20295;20295;Gamarra
GONZÁLEZ;González;20310;20310;González
LA GLORIA;La Gloria;20383;20383;La Gloria
LA JAGUA DE IBIRICO;La Jagua De Ibirico;20400;20400;La Jagua De Ibirico
MANAURE;Manaure;20443;20443;Manaure
PAILITAS;Pailitas;20517;20517;Pailitas
PELAYA;Pelaya;20550;20550;Pelaya
PUEBLO BELLO;Pueblo Bello;20570;20570;Pueblo Bello
RÍO DE ORO;Río De Oro;20614;20614;Río De Oro
LA PAZ;La Paz;20621;20621;La Paz
SAN ALBERTO;San Alberto;20710;20710;San Alberto
SAN DIEGO;San Diego;20750;20750;San Diego
SAN MARTÍN;San Martín;20770;20770;San Martín
TAMALAMEQUE;Tamalameque;20787;20787;Tamalameque
QUIBDÓ;Quibdó;27001;27001;Quibdó
ACANDÍ;Acandí;27006;27006;Acandí
ALTO BAUDÓ;Alto Baudó;27025;27025;Alto Baudó
ATRATO;Atrato;27050;27050;Atrato
BAGADÓ;Bagadó;27073;27073;Bagadó
BAHÍA SOLANO;Bahía Solano;27075;27075;Bahía Solano
BAJO BAUDÓ;Bajo Baudó;27077;27077;Bajo Baudó
BOJAYA;Bojaya;27099;27099;Bojaya
EL CANTÓN DEL SAN PABLO;El Cantón Del San Pablo;27135;27135;El Cantón Del San Pablo
CARMEN DEL DARIÉN;Carmen Del Darién;27150;27150;Carmen Del Darién
CÉRTEGUI;Cértegui;27160;27160;Cértegui
CONDOTO;Condoto;27205;27205;Condoto
EL CARMEN DE ATRATO;El Carmen De Atrato;27245;27245;El Carmen De Atrato
EL LITORAL DEL SAN JUAN;El Litoral Del San Juan;27250;27250;El Litoral Del San Juan
ISTMINA;Istmina;27361;27361;Istmina
JURADÓ;Juradó;27372;27372;Juradó
LLORÓ;Lloró;27413;27413;Lloró
MEDIO ATRATO;Medio Atrato;27425;27425;Medio Atrato
MEDIO BAUDÓ;Medio Baudó;27430;27430;Medio Baudó
MEDIO SAN JUAN;Medio San Juan;27450;27450;Medio San Juan
NÓVITA;Nóvita;27491;27491;Nóvita
NUQUÍ;Nuquí;27495;27495;Nuquí
RÍO IRÓ;Río Iró;27580;27580;Río Iró
RÍO QUITO;Río Quito;27600;27600;Río Quito
RIOSUCIO;Riosucio;27615;27615;Riosucio
SAN JOSÉ DEL PALMAR;San José Del Palmar;27660;27660;San José Del Palmar
SIPÍ;Sipí;27745;27745;Sipí
TADÓ;Tadó;27787;27787;Tadó
UNGUÍA;Unguía;27800;27800;Unguía
UNIÓN PANAMERICANA;Unión Panamericana;27810;27810;Unión Panamericana
MONTERÍA;Montería;23001;23001;Montería
AYAPEL;Ayapel;23068;23068;Ayapel
BUENAVISTA;Buenavista;23079;23079;Buenavista
CANALETE;Canalete;23090;23090;Canalete
CERETÉ;Cereté;23162;23162;Cereté
CHIMÁ;Chimá;23168;23168;Chimá
CHINÚ;Chinú;23182;23182;Chinú
CIÉNAGA DE ORO;Ciénaga De Oro;23189;23189;Ciénaga De Oro
COTORRA;Cotorra;23300;23300;Cotorra
LA APARTADA;La Apartada;23350;23350;La Apartada
LORICA;Lorica;23417;23417;Lorica
LOS CÓRDOBAS;Los Córdobas;23419;23419;Los Córdobas
MOMIL;Momil;23464;23464;Momil
MONTELÍBANO;Montelíbano;23466;23466;Montelíbano
MOÑITOS;Moñitos;23500;23500;Moñitos
PLANETA RICA;Planeta Rica;23555;23555;Planeta Rica
PUEBLO NUEVO;Pueblo Nuevo;23570;23570;Pueblo Nuevo
PUERTO ESCONDIDO;Puerto Escondido;23574;23574;Puerto Escondido
PUERTO LIBERTADOR;Puerto Libertador;23580;23580;Puerto Libertador
PURÍSIMA;Purísima;23586;23586;Purísima
SAHAGÚN;Sahagún;23660;23660;Sahagún
SAN ANDRÉS SOTAVENTO;San Andrés Sotavento;23670;23670;San Andrés Sotavento
SAN ANTERO;San Antero;23672;23672;San Antero
SAN BERNARDO DEL VIENTO;San Bernardo Del Viento;23675;23675;San Bernardo Del Viento
SAN CARLOS;San Carlos;23678;23678;San Carlos
SAN JOSÉ DE URÉ;San José De Uré;23682;23682;San José De Uré
SAN PELAYO;San Pelayo;23686;23686;San Pelayo
TIERRALTA;Tierralta;23807;23807;Tierralta
TUCHÍN;Tuchín;23815;23815;Tuchín
VALENCIA;Valencia;23855;23855;Valencia
AGUA DE DIOS;Agua De Dios;25001;25001;Agua De Dios
ALBÁN;Albán;25019;25019;Albán
ANAPOIMA;Anapoima;25035;25035;Anapoima
ANOLAIMA;Anolaima;25040;25040;Anolaima
ARBELÁEZ;Arbeláez;25053;25053;Arbeláez
BELTRÁN;Beltrán;25086;25086;Beltrán
BITUIMA;Bituima;25095;25095;Bituima
BOJACÁ;Bojacá;25099;25099;Bojacá
CABRERA;Cabrera;25120;25120;Cabrera
CACHIPAY;Cachipay;25123;25123;Cachipay
CAJICÁ;Cajicá;25126;25126;Cajicá
CAPARRAPÍ;Caparrapí;25148;25148;Caparrapí
CAQUEZA;Caqueza;25151;25151;Caqueza
CARMEN DE CARUPA;Carmen De Carupa;25154;25154;Carmen De Carupa
CHAGUANÍ;Chaguaní;25168;25168;Chaguaní
CHÍA;Chía;25175;25175;Chía
CHIPAQUE;Chipaque;25178;25178;Chipaque
CHOACHÍ;Choachí;25181;25181;Choachí
CHOCONTÁ;Chocontá;25183;25183;Chocontá
COGUA;Cogua;25200;25200;Cogua
COTA;Cota;25214;25214;Cota
CUCUNUBÁ;Cucunubá;25224;25224;Cucunubá
EL COLEGIO;El Colegio;25245;25245;El Colegio
EL PEÑÓN;El Peñón;25258;25258;El Peñón
EL ROSAL;El Rosal;25260;25260;El Rosal
FACATATIVÁ;Facatativá;25269;25269;Facatativá
FOMEQUE;Fomeque;25279;25279;Fomeque
FOSCA;Fosca;25281;25281;Fosca
FUNZA;Funza;25286;25286;Funza
FÚQUENE;Fúquene;25288;25288;Fúquene
FUSAGASUGÁ;Fusagasugá;25290;25290;Fusagasugá
GACHALA;Gachala;25293;25293;Gachala
GACHANCIPÁ;Gachancipá;25295;25295;Gachancipá
GACHETÁ;Gachetá;25297;25297;Gachetá
GAMA;Gama;25299;25299;Gama
GIRARDOT;Girardot;25307;25307;Girardot
GRANADA;Granada;25312;25312;Granada
GUACHETÁ;Guachetá;25317;25317;Guachetá
GUADUAS;Guaduas;25320;25320;Guaduas
GUASCA;Guasca;25322;25322;Guasca
GUATAQUÍ;Guataquí;25324;25324;Guataquí
GUATAVITA;Guatavita;25326;25326;Guatavita
GUAYABAL DE SIQUIMA;Guayabal De Siquima;25328;25328;Guayabal De Siquima
GUAYABETAL;Guayabetal;25335;25335;Guayabetal
GUTIÉRREZ;Gutiérrez;25339;25339;Gutiérrez
JERUSALÉN;Jerusalén;25368;25368;Jerusalén
JUNÍN;Junín;25372;25372;Junín
LA CALERA;La Calera;25377;25377;La Calera
LA MESA;La Mesa;25386;25386;La Mesa
LA PALMA;La Palma;25394;25394;La Palma
LA PEÑA;La Peña;25398;25398;La Peña
LA VEGA;La Vega;25402;25402;La Vega
LENGUAZAQUE;Lenguazaque;25407;25407;Lenguazaque
MACHETA;Macheta;25426;25426;Macheta
MADRID;Madrid;25430;25430;Madrid
MANTA;Manta;25436;25436;Manta
MEDINA;Medina;25438;25438;Medina
MOSQUERA;Mosquera;25473;25473;Mosquera
NARIÑO;Nariño;25483;25483;Nariño
NEMOCÓN;Nemocón;25486;25486;Nemocón
NILO;Nilo;25488;25488;Nilo
NIMAIMA;Nimaima;25489;25489;Nimaima
NOCAIMA;Nocaima;25491;25491;Nocaima
VENECIA;Venecia;25506;25506;Venecia
PACHO;Pacho;25513;25513;Pacho
PAIME;Paime;25518;25518;Paime
PANDI;Pandi;25524;25524;Pandi
PARATEBUENO;Paratebueno;25530;25530;Paratebueno
PASCA;Pasca;25535;25535;Pasca
PUERTO SALGAR;Puerto Salgar;25572;25572;Puerto Salgar
PULÍ;Pulí;25580;25580;Pulí
QUEBRADANEGRA;Quebradanegra;25592;25592;Quebradanegra
QUETAME;Quetame;25594;25594;Quetame
QUIPILE;Quipile;25596;25596;Quipile
APULO;Apulo;25599;25599;Apulo
RICAURTE;Ricaurte;25612;25612;Ricaurte
SAN ANTONIO DEL TEQUENDAMA;San Antonio Del Tequendama;25645;25645;San Antonio Del Tequendama
SAN BERNARDO;San Bernardo;25649;25649;San Bernardo
SAN CAYETANO;San Cayetano;25653;25653;San Cayetano
SAN FRANCISCO;San Francisco;25658;25658;San Francisco
SAN JUAN DE RÍO SECO;San Juan De Río Seco;25662;25662;San Juan De Río Seco
SASAIMA;Sasaima;25718;25718;Sasaima
SESQUILÉ;Sesquilé;25736;25736;Sesquilé
SIBATÉ;Sibaté;25740;25740;Sibaté
SILVANIA;Silvania;25743;25743;Silvania
SIMIJACA;Simijaca;25745;25745;Simijaca
SOACHA;Soacha;25754;25754;Soacha
SOPÓ;Sopó;25758;25758;Sopó
SUBACHOQUE;Subachoque;25769;25769;Subachoque
SUESCA;Suesca;25772;25772;Suesca
SUPATÁ;Supatá;25777;25777;Supatá
SUSA;Susa;25779;25779;Susa
SUTATAUSA;Sutatausa;25781;25781;Sutatausa
TABIO;Tabio;25785;25785;Tabio
TAUSA;Tausa;25793;25793;Tausa
TENA;Tena;25797;25797;Tena
TENJO;Tenjo;25799;25799;Tenjo
TIBACUY;Tibacuy;25805;25805;Tibacuy
TIBIRITA;Tibirita;25807;25807;Tibirita
TOCAIMA;Tocaima;25815;25815;Tocaima
TOCANCIPÁ;Tocancipá;25817;25817;Tocancipá
TOPAIPÍ;Topaipí;25823;25823;Topaipí
UBALÁ;Ubalá;25839;25839;Ubalá
UBAQUE;Ubaque;25841;25841;Ubaque
VILLA DE SAN DIEGO DE UBATE;Villa De San Diego De Ubate;25843;25843;Villa De San Diego De Ubate
UNE;Une;25845;25845;Une
ÚTICA;Útica;25851;25851;Útica
VERGARA;Vergara;25862;25862;Vergara
VIANÍ;Vianí;25867;25867;Vianí
VILLAGÓMEZ;Villagómez;25871;25871;Villagómez
VILLAPINZÓN;Villapinzón;25873;25873;Villapinzón
VILLETA;Villeta;25875;25875;Villeta
VIOTÁ;Viotá;25878;25878;Viotá
YACOPÍ;Yacopí;25885;25885;Yacopí
ZIPACÓN;Zipacón;25898;25898;Zipacón
ZIPAQUIRÁ;Zipaquirá;25899;25899;Zipaquirá
INÍRIDA;Inírida;94001;94001;Inírida
BARRANCO MINAS;Barranco Minas;94343;94343;Barranco Minas
MAPIRIPANA;Mapiripana;94663;94663;Mapiripana
SAN FELIPE;San Felipe;94883;94883;San Felipe
PUERTO COLOMBIA;Puerto Colombia;94884;94884;Puerto Colombia
LA GUADALUPE;La Guadalupe;94885;94885;La Guadalupe
CACAHUAL;Cacahual;94886;94886;Cacahual
PANA PANA;Pana Pana;94887;94887;Pana Pana
MORICHAL;Morichal;94888;94888;Morichal
SAN JOSÉ DEL GUAVIARE;San José Del Guaviare;95001;95001;San José Del Guaviare
CALAMAR;Calamar;95015;95015;Calamar
EL RETORNO;El Retorno;95025;95025;El Retorno
MIRAFLORES;Miraflores;95200;95200;Miraflores
NEIVA;Neiva;41001;41001;Neiva
ACEVEDO;Acevedo;41006;41006;Acevedo
AGRADO;Agrado;41013;41013;Agrado
AIPE;Aipe;41016;41016;Aipe
ALGECIRAS;Algeciras;41020;41020;Algeciras
ALTAMIRA;Altamira;41026;41026;Altamira
BARAYA;Baraya;41078;41078;Baraya
CAMPOALEGRE;Campoalegre;41132;41132;Campoalegre
COLOMBIA;Colombia;41206;41206;Colombia
ELÍAS;Elías;41244;41244;Elías
GARZÓN;Garzón;41298;41298;Garzón
GIGANTE;Gigante;41306;41306;Gigante
GUADALUPE;Guadalupe;41319;41319;Guadalupe
HOBO;Hobo;41349;41349;Hobo
IQUIRA;Iquira;41357;41357;Iquira
ISNOS;Isnos;41359;41359;Isnos
LA ARGENTINA;La Argentina;41378;41378;La Argentina
LA PLATA;La Plata;41396;41396;La Plata
NÁTAGA;Nátaga;41483;41483;Nátaga
OPORAPA;Oporapa;41503;41503;Oporapa
PAICOL;Paicol;41518;41518;Paicol
PALERMO;Palermo;41524;41524;Palermo
PALESTINA;Palestina;41530;41530;Palestina
PITAL;Pital;41548;41548;Pital
PITALITO;Pitalito;41551;41551;Pitalito
RIVERA;Rivera;41615;41615;Rivera
SALADOBLANCO;Saladoblanco;41660;41660;Saladoblanco
SAN AGUSTÍN;San Agustín;41668;41668;San Agustín
SANTA MARÍA;Santa María;41676;41676;Santa María
SUAZA;Suaza;41770;41770;Suaza
TARQUI;Tarqui;41791;41791;Tarqui
TESALIA;Tesalia;41797;41797;Tesalia
TELLO;Tello;41799;41799;Tello
TERUEL;Teruel;41801;41801;Teruel
TIMANÁ;Timaná;41807;41807;Timaná
VILLAVIEJA;Villavieja;41872;41872;Villavieja
YAGUARÁ;Yaguará;41885;41885;Yaguará
RIOHACHA;Riohacha;44001;44001;Riohacha
ALBANIA;Albania;44035;44035;Albania
BARRANCAS;Barrancas;44078;44078;Barrancas
DIBULLA;Dibulla;44090;44090;Dibulla
DISTRACCIÓN;Distracción;44098;44098;Distracción
EL MOLINO;El Molino;44110;44110;El Molino
FONSECA;Fonseca;44279;44279;Fonseca
HATONUEVO;Hatonuevo;44378;44378;Hatonuevo
LA JAGUA DEL PILAR;La Jagua Del Pilar;44420;44420;La Jagua Del Pilar
MAICAO;Maicao;44430;44430;Maicao
MANAURE;Manaure;44560;44560;Manaure
SAN JUAN DEL CESAR;San Juan Del Cesar;44650;44650;San Juan Del Cesar
URIBIA;Uribia;44847;44847;Uribia
URUMITA;Urumita;44855;44855;Urumita
VILLANUEVA;Villanueva;44874;44874;Villanueva
SANTA MARTA;Santa Marta;47001;47001;Santa Marta
ALGARROBO;Algarrobo;47030;47030;Algarrobo
ARACATACA;Aracataca;47053;47053;Aracataca
ARIGUANÍ;Ariguaní;47058;47058;Ariguaní
CERRO SAN ANTONIO;Cerro San Antonio;47161;47161;Cerro San Antonio
CHIVOLO;Chivolo;47170;47170;Chivolo
CIÉNAGA;Ciénaga;47189;47189;Ciénaga
CONCORDIA;Concordia;47205;47205;Concordia
EL BANCO;El Banco;47245;47245;El Banco
EL PIÑON;El Piñon;47258;47258;El Piñon
EL RETÉN;El Retén;47268;47268;El Retén
FUNDACIÓN;Fundación;47288;47288;Fundación
GUAMAL;Guamal;47318;47318;Guamal
NUEVA GRANADA;Nueva Granada;47460;47460;Nueva Granada
PEDRAZA;Pedraza;47541;47541;Pedraza
PIJIÑO DEL CARMEN;Pijiño Del Carmen;47545;47545;Pijiño Del Carmen
PIVIJAY;Pivijay;47551;47551;Pivijay
PLATO;Plato;47555;47555;Plato
PUEBLOVIEJO;Puebloviejo;47570;47570;Puebloviejo
REMOLINO;Remolino;47605;47605;Remolino
SABANAS DE SAN ANGEL;Sabanas De San Angel;47660;47660;Sabanas De San Angel
SALAMINA;Salamina;47675;47675;Salamina
SAN SEBASTIÁN DE BUENAVISTA;San Sebastián De Buenavista;47692;47692;San Sebastián De Buenavista
SAN ZENÓN;San Zenón;47703;47703;San Zenón
SANTA ANA;Santa Ana;47707;47707;Santa Ana
SANTA BÁRBARA DE PINTO;Santa Bárbara De Pinto;47720;47720;Santa Bárbara De Pinto
SITIONUEVO;Sitionuevo;47745;47745;Sitionuevo
TENERIFE;Tenerife;47798;47798;Tenerife
ZAPAYÁN;Zapayán;47960;47960;Zapayán
ZONA BANANERA;Zona Bananera;47980;47980;Zona Bananera
VILLAVICENCIO;Villavicencio;50001;50001;Villavicencio
ACACÍAS;Acacías;50006;50006;Acacías
BARRANCA DE UPÍA;Barranca De Upía;50110;50110;Barranca De Upía
CABUYARO;Cabuyaro;50124;50124;Cabuyaro
CASTILLA LA NUEVA;Castilla La Nueva;50150;50150;Castilla La Nueva
CUBARRAL;Cubarral;50223;50223;Cubarral
CUMARAL;Cumaral;50226;50226;Cumaral
EL CALVARIO;El Calvario;50245;50245;El Calvario
EL CASTILLO;El Castillo;50251;50251;El Castillo
EL DORADO;El Dorado;50270;50270;El Dorado
FUENTE DE ORO;Fuente De Oro;50287;50287;Fuente De Oro
GRANADA;Granada;50313;50313;Granada
GUAMAL;Guamal;50318;50318;Guamal
MAPIRIPÁN;Mapiripán;50325;50325;Mapiripán
MESETAS;Mesetas;50330;50330;Mesetas
LA MACARENA;La Macarena;50350;50350;La Macarena
URIBE;Uribe;50370;50370;Uribe
LEJANÍAS;Lejanías;50400;50400;Lejanías
PUERTO CONCORDIA;Puerto Concordia;50450;50450;Puerto Concordia
PUERTO GAITÁN;Puerto Gaitán;50568;50568;Puerto Gaitán
PUERTO LÓPEZ;Puerto López;50573;50573;Puerto López
PUERTO LLERAS;Puerto Lleras;50577;50577;Puerto Lleras
PUERTO RICO;Puerto Rico;50590;50590;Puerto Rico
RESTREPO;Restrepo;50606;50606;Restrepo
SAN CARLOS DE GUAROA;San Carlos De Guaroa;50680;50680;San Carlos De Guaroa
SAN JUAN DE ARAMA;San Juan De Arama;50683;50683;San Juan De Arama
SAN JUANITO;San Juanito;50686;50686;San Juanito
SAN MARTÍN;San Martín;50689;50689;San Martín
VISTAHERMOSA;Vistahermosa;50711;50711;Vistahermosa
PASTO;Pasto;52001;52001;Pasto
ALBÁN;Albán;52019;52019;Albán
ALDANA;Aldana;52022;52022;Aldana
ANCUYÁ;Ancuyá;52036;52036;Ancuyá
ARBOLEDA;Arboleda;52051;52051;Arboleda
BARBACOAS;Barbacoas;52079;52079;Barbacoas
BELÉN;Belén;52083;52083;Belén
BUESACO;Buesaco;52110;52110;Buesaco
COLÓN;Colón;52203;52203;Colón
CONSACA;Consaca;52207;52207;Consaca
CONTADERO;Contadero;52210;52210;Contadero
CÓRDOBA;Córdoba;52215;52215;Córdoba
CUASPUD;Cuaspud;52224;52224;Cuaspud
CUMBAL;Cumbal;52227;52227;Cumbal
CUMBITARA;Cumbitara;52233;52233;Cumbitara
CHACHAGÜÍ;Chachagüí;52240;52240;Chachagüí
EL CHARCO;El Charco;52250;52250;El Charco
EL PEÑOL;El Peñol;52254;52254;El Peñol
EL ROSARIO;El Rosario;52256;52256;El Rosario
EL TABLÓN DE GÓMEZ;El Tablón De Gómez;52258;52258;El Tablón De Gómez
EL TAMBO;El Tambo;52260;52260;El Tambo
FUNES;Funes;52287;52287;Funes
GUACHUCAL;Guachucal;52317;52317;Guachucal
GUAITARILLA;Guaitarilla;52320;52320;Guaitarilla
GUALMATÁN;Gualmatán;52323;52323;Gualmatán
ILES;Iles;52352;52352;Iles
IMUÉS;Imués;52354;52354;Imués
IPIALES;Ipiales;52356;52356;Ipiales
LA CRUZ;La Cruz;52378;52378;La Cruz
LA FLORIDA;La Florida;52381;52381;La Florida
LA LLANADA;La Llanada;52385;52385;La Llanada
LA TOLA;La Tola;52390;52390;La Tola
LA UNIÓN;La Unión;52399;52399;La Unión
LEIVA;Leiva;52405;52405;Leiva
LINARES;Linares;52411;52411;Linares
LOS ANDES;Los Andes;52418;52418;Los Andes
MAGÜI;Magüi;52427;52427;Magüi
MALLAMA;Mallama;52435;52435;Mallama
MOSQUERA;Mosquera;52473;52473;Mosquera
NARIÑO;Nariño;52480;52480;Nariño
OLAYA HERRERA;Olaya Herrera;52490;52490;Olaya Herrera
OSPINA;Ospina;52506;52506;Ospina
FRANCISCO PIZARRO;Francisco Pizarro;52520;52520;Francisco Pizarro
POLICARPA;Policarpa;52540;52540;Policarpa
POTOSÍ;Potosí;52560;52560;Potosí
PROVIDENCIA;Providencia;52565;52565;Providencia
PUERRES;Puerres;52573;52573;Puerres
PUPIALES;Pupiales;52585;52585;Pupiales
RICAURTE;Ricaurte;52612;52612;Ricaurte
ROBERTO PAYÁN;Roberto Payán;52621;52621;Roberto Payán
SAMANIEGO;Samaniego;52678;52678;Samaniego
SANDONÁ;Sandoná;52683;52683;Sandoná
SAN BERNARDO;San Bernardo;52685;52685;San Bernardo
SAN LORENZO;San Lorenzo;52687;52687;San Lorenzo
SAN PABLO;San Pablo;52693;52693;San Pablo
SAN PEDRO DE CARTAGO;San Pedro De Cartago;52694;52694;San Pedro De Cartago
SANTA BÁRBARA;Santa Bárbara;52696;52696;Santa Bárbara
SANTACRUZ;Santacruz;52699;52699;Santacruz
SAPUYES;Sapuyes;52720;52720;Sapuyes
TAMINANGO;Taminango;52786;52786;Taminango
TANGUA;Tangua;52788;52788;Tangua
SAN ANDRES DE TUMACO;San Andres De Tumaco;52835;52835;San Andres De Tumaco
TÚQUERRES;Túquerres;52838;52838;Túquerres
YACUANQUER;Yacuanquer;52885;52885;Yacuanquer
CÚCUTA;Cúcuta;54001;54001;Cúcuta
ABREGO;Abrego;54003;54003;Abrego
ARBOLEDAS;Arboledas;54051;54051;Arboledas
BOCHALEMA;Bochalema;54099;54099;Bochalema
BUCARASICA;Bucarasica;54109;54109;Bucarasica
CÁCOTA;Cácota;54125;54125;Cácota
CACHIRÁ;Cachirá;54128;54128;Cachirá
CHINÁCOTA;Chinácota;54172;54172;Chinácota
CHITAGÁ;Chitagá;54174;54174;Chitagá
CONVENCIÓN;Convención;54206;54206;Convención
CUCUTILLA;Cucutilla;54223;54223;Cucutilla
DURANIA;Durania;54239;54239;Durania
EL CARMEN;El Carmen;54245;54245;El Carmen
EL TARRA;El Tarra;54250;54250;El Tarra
EL ZULIA;El Zulia;54261;54261;El Zulia
GRAMALOTE;Gramalote;54313;54313;Gramalote
HACARÍ;Hacarí;54344;54344;Hacarí
HERRÁN;Herrán;54347;54347;Herrán
LABATECA;Labateca;54377;54377;Labateca
LA ESPERANZA;La Esperanza;54385;54385;La Esperanza
LA PLAYA;La Playa;54398;54398;La Playa
LOS PATIOS;Los Patios;54405;54405;Los Patios
LOURDES;Lourdes;54418;54418;Lourdes
MUTISCUA;Mutiscua;54480;54480;Mutiscua
OCAÑA;Ocaña;54498;54498;Ocaña
PAMPLONA;Pamplona;54518;54518;Pamplona
PAMPLONITA;Pamplonita;54520;54520;Pamplonita
PUERTO SANTANDER;Puerto Santander;54553;54553;Puerto Santander
RAGONVALIA;Ragonvalia;54599;54599;Ragonvalia
SALAZAR;Salazar;54660;54660;Salazar
SAN CALIXTO;San Calixto;54670;54670;San Calixto
SAN CAYETANO;San Cayetano;54673;54673;San Cayetano
SANTIAGO;Santiago;54680;54680;Santiago
SARDINATA;Sardinata;54720;54720;Sardinata
SILOS;Silos;54743;54743;Silos
TEORAMA;Teorama;54800;54800;Teorama
TIBÚ;Tibú;54810;54810;Tibú
TOLEDO;Toledo;54820;54820;Toledo
VILLA CARO;Villa Caro;54871;54871;Villa Caro
VILLA DEL ROSARIO;Villa Del Rosario;54874;54874;Villa Del Rosario
MOCOA;Mocoa;86001;86001;Mocoa
COLÓN;Colón;86219;86219;Colón
ORITO;Orito;86320;86320;Orito
PUERTO ASÍS;Puerto Asís;86568;86568;Puerto Asís
PUERTO CAICEDO;Puerto Caicedo;86569;86569;Puerto Caicedo
PUERTO GUZMÁN;Puerto Guzmán;86571;86571;Puerto Guzmán
PUERTO LEGUÍZAMO;Puerto Leguízamo;86573;86573;Puerto Leguízamo
SIBUNDOY;Sibundoy;86749;86749;Sibundoy
SAN FRANCISCO;San Francisco;86755;86755;San Francisco
SAN MIGUEL;San Miguel;86757;86757;San Miguel
SANTIAGO;Santiago;86760;86760;Santiago
VALLE DEL GUAMUEZ;Valle Del Guamuez;86865;86865;Valle Del Guamuez
VILLAGARZÓN;Villagarzón;86885;86885;Villagarzón
ARMENIA;Armenia;63001;63001;Armenia
BUENAVISTA;Buenavista;63111;63111;Buenavista
CALARCA;Calarca;63130;63130;Calarca
CIRCASIA;Circasia;63190;63190;Circasia
CÓRDOBA;Córdoba;63212;63212;Córdoba
FILANDIA;Filandia;63272;63272;Filandia
GÉNOVA;Génova;63302;63302;Génova
LA TEBAIDA;La Tebaida;63401;63401;La Tebaida
MONTENEGRO;Montenegro;63470;63470;Montenegro
PIJAO;Pijao;63548;63548;Pijao
QUIMBAYA;Quimbaya;63594;63594;Quimbaya
SALENTO;Salento;63690;63690;Salento
PEREIRA;Pereira;66001;66001;Pereira
APÍA;Apía;66045;66045;Apía
BALBOA;Balboa;66075;66075;Balboa
BELÉN DE UMBRÍA;Belén De Umbría;66088;66088;Belén De Umbría
DOSQUEBRADAS;Dosquebradas;66170;66170;Dosquebradas
GUÁTICA;Guática;66318;66318;Guática
LA CELIA;La Celia;66383;66383;La Celia
LA VIRGINIA;La Virginia;66400;66400;La Virginia
MARSELLA;Marsella;66440;66440;Marsella
MISTRATÓ;Mistrató;66456;66456;Mistrató
PUEBLO RICO;Pueblo Rico;66572;66572;Pueblo Rico
QUINCHÍA;Quinchía;66594;66594;Quinchía
SANTA ROSA DE CABAL;Santa Rosa De Cabal;66682;66682;Santa Rosa De Cabal
SANTUARIO;Santuario;66687;66687;Santuario
SAN ANDRÉS;San Andrés;88001;88001;San Andrés
PROVIDENCIA;Providencia;88564;88564;Providencia
BUCARAMANGA;Bucaramanga;68001;68001;Bucaramanga
AGUADA;Aguada;68013;68013;Aguada
ALBANIA;Albania;68020;68020;Albania
ARATOCA;Aratoca;68051;68051;Aratoca
BARBOSA;Barbosa;68077;68077;Barbosa
BARICHARA;Barichara;68079;68079;Barichara
BARRANCABERMEJA;Barrancabermeja;68081;68081;Barrancabermeja
BETULIA;Betulia;68092;68092;Betulia
BOLÍVAR;Bolívar;68101;68101;Bolívar
CABRERA;Cabrera;68121;68121;Cabrera
CALIFORNIA;California;68132;68132;California
CAPITANEJO;Capitanejo;68147;68147;Capitanejo
CARCASÍ;Carcasí;68152;68152;Carcasí
CEPITÁ;Cepitá;68160;68160;Cepitá
CERRITO;Cerrito;68162;68162;Cerrito
CHARALÁ;Charalá;68167;68167;Charalá
CHARTA;Charta;68169;68169;Charta
CHIMA;Chima;68176;68176;Chima
CHIPATÁ;Chipatá;68179;68179;Chipatá
CIMITARRA;Cimitarra;68190;68190;Cimitarra
CONCEPCIÓN;Concepción;68207;68207;Concepción
CONFINES;Confines;68209;68209;Confines
CONTRATACIÓN;Contratación;68211;68211;Contratación
COROMORO;Coromoro;68217;68217;Coromoro
CURITÍ;Curití;68229;68229;Curití
EL CARMEN DE CHUCURÍ;El Carmen De Chucurí;68235;68235;El Carmen De Chucurí
EL GUACAMAYO;El Guacamayo;68245;68245;El Guacamayo
EL PEÑÓN;El Peñón;68250;68250;El Peñón
EL PLAYÓN;El Playón;68255;68255;El Playón
ENCINO;Encino;68264;68264;Encino
ENCISO;Enciso;68266;68266;Enciso
FLORIÁN;Florián;68271;68271;Florián
FLORIDABLANCA;Floridablanca;68276;68276;Floridablanca
GALÁN;Galán;68296;68296;Galán
GAMBITA;Gambita;68298;68298;Gambita
GIRÓN;Girón;68307;68307;Girón
GUACA;Guaca;68318;68318;Guaca
GUADALUPE;Guadalupe;68320;68320;Guadalupe
GUAPOTÁ;Guapotá;68322;68322;Guapotá
GUAVATÁ;Guavatá;68324;68324;Guavatá
GÜEPSA;Güepsa;68327;68327;Güepsa
HATO;Hato;68344;68344;Hato
JESÚS MARÍA;Jesús María;68368;68368;Jesús María
JORDÁN;Jordán;68370;68370;Jordán
LA BELLEZA;La Belleza;68377;68377;La Belleza
LANDÁZURI;Landázuri;68385;68385;Landázuri
LA PAZ;La Paz;68397;68397;La Paz
LEBRIJA;Lebrija;68406;68406;Lebrija
LOS SANTOS;Los Santos;68418;68418;Los Santos
MACARAVITA;Macaravita;68425;68425;Macaravita
MÁLAGA;Málaga;68432;68432;Málaga
MATANZA;Matanza;68444;68444;Matanza
MOGOTES;Mogotes;68464;68464;Mogotes
MOLAGAVITA;Molagavita;68468;68468;Molagavita
OCAMONTE;Ocamonte;68498;68498;Ocamonte
OIBA;Oiba;68500;68500;Oiba
ONZAGA;Onzaga;68502;68502;Onzaga
PALMAR;Palmar;68522;68522;Palmar
PALMAS DEL SOCORRO;Palmas Del Socorro;68524;68524;Palmas Del Socorro
PÁRAMO;Páramo;68533;68533;Páramo
PIEDECUESTA;Piedecuesta;68547;68547;Piedecuesta
PINCHOTE;Pinchote;68549;68549;Pinchote
PUENTE NACIONAL;Puente Nacional;68572;68572;Puente Nacional
PUERTO PARRA;Puerto Parra;68573;68573;Puerto Parra
PUERTO WILCHES;Puerto Wilches;68575;68575;Puerto Wilches
RIONEGRO;Rionegro;68615;68615;Rionegro
SABANA DE TORRES;Sabana De Torres;68655;68655;Sabana De Torres
SAN ANDRÉS;San Andrés;68669;68669;San Andrés
SAN BENITO;San Benito;68673;68673;San Benito
SAN GIL;San Gil;68679;68679;San Gil
SAN JOAQUÍN;San Joaquín;68682;68682;San Joaquín
SAN JOSÉ DE MIRANDA;San José De Miranda;68684;68684;San José De Miranda
SAN MIGUEL;San Miguel;68686;68686;San Miguel
SAN VICENTE DE CHUCURÍ;San Vicente De Chucurí;68689;68689;San Vicente De Chucurí
SANTA BÁRBARA;Santa Bárbara;68705;68705;Santa Bárbara
SANTA HELENA DEL OPÓN;Santa Helena Del Opón;68720;68720;Santa Helena Del Opón
SIMACOTA;Simacota;68745;68745;Simacota
SOCORRO;Socorro;68755;68755;Socorro
SUAITA;Suaita;68770;68770;Suaita
SUCRE;Sucre;68773;68773;Sucre
SURATÁ;Suratá;68780;68780;Suratá
TONA;Tona;68820;68820;Tona
VALLE DE SAN JOSÉ;Valle De San José;68855;68855;Valle De San José
VÉLEZ;Vélez;68861;68861;Vélez
VETAS;Vetas;68867;68867;Vetas
VILLANUEVA;Villanueva;68872;68872;Villanueva
ZAPATOCA;Zapatoca;68895;68895;Zapatoca
SINCELEJO;Sincelejo;70001;70001;Sincelejo
BUENAVISTA;Buenavista;70110;70110;Buenavista
CAIMITO;Caimito;70124;70124;Caimito
COLOSO;Coloso;70204;70204;Coloso
COROZAL;Corozal;70215;70215;Corozal
COVEÑAS;Coveñas;70221;70221;Coveñas
CHALÁN;Chalán;70230;70230;Chalán
EL ROBLE;El Roble;70233;70233;El Roble
GALERAS;Galeras;70235;70235;Galeras
GUARANDA;Guaranda;70265;70265;Guaranda
LA UNIÓN;La Unión;70400;70400;La Unión
LOS PALMITOS;Los Palmitos;70418;70418;Los Palmitos
MAJAGUAL;Majagual;70429;70429;Majagual
MORROA;Morroa;70473;70473;Morroa
OVEJAS;Ovejas;70508;70508;Ovejas
PALMITO;Palmito;70523;70523;Palmito
SAMPUÉS;Sampués;70670;70670;Sampués
SAN BENITO ABAD;San Benito Abad;70678;70678;San Benito Abad
SAN JUAN DE BETULIA;San Juan De Betulia;70702;70702;San Juan De Betulia
SAN MARCOS;San Marcos;70708;70708;San Marcos
SAN ONOFRE;San Onofre;70713;70713;San Onofre
SAN PEDRO;San Pedro;70717;70717;San Pedro
SAN LUIS DE SINCÉ;San Luis De Sincé;70742;70742;San Luis De Sincé
SUCRE;Sucre;70771;70771;Sucre
SANTIAGO DE TOLÚ;Santiago De Tolú;70820;70820;Santiago De Tolú
TOLÚ VIEJO;Tolú Viejo;70823;70823;Tolú Viejo
IBAGUÉ;Ibagué;73001;73001;Ibagué
ALPUJARRA;Alpujarra;73024;73024;Alpujarra
ALVARADO;Alvarado;73026;73026;Alvarado
AMBALEMA;Ambalema;73030;73030;Ambalema
ANZOÁTEGUI;Anzoátegui;73043;73043;Anzoátegui
ARMERO;Armero;73055;73055;Armero
ATACO;Ataco;73067;73067;Ataco
CAJAMARCA;Cajamarca;73124;73124;Cajamarca
CARMEN DE APICALÁ;Carmen De Apicalá;73148;73148;Carmen De Apicalá
CASABIANCA;Casabianca;73152;73152;Casabianca
CHAPARRAL;Chaparral;73168;73168;Chaparral
COELLO;Coello;73200;73200;Coello
COYAIMA;Coyaima;73217;73217;Coyaima
CUNDAY;Cunday;73226;73226;Cunday
DOLORES;Dolores;73236;73236;Dolores
ESPINAL;Espinal;73268;73268;Espinal
FALAN;Falan;73270;73270;Falan
FLANDES;Flandes;73275;73275;Flandes
FRESNO;Fresno;73283;73283;Fresno
GUAMO;Guamo;73319;73319;Guamo
HERVEO;Herveo;73347;73347;Herveo
HONDA;Honda;73349;73349;Honda
ICONONZO;Icononzo;73352;73352;Icononzo
LÉRIDA;Lérida;73408;73408;Lérida
LÍBANO;Líbano;73411;73411;Líbano
SAN SEBASTIÁN DE MARIQUITA;San Sebastián De Mariquita;73443;73443;San Sebastián De Mariquita
MELGAR;Melgar;73449;73449;Melgar
MURILLO;Murillo;73461;73461;Murillo
NATAGAIMA;Natagaima;73483;73483;Natagaima
ORTEGA;Ortega;73504;73504;Ortega
PALOCABILDO;Palocabildo;73520;73520;Palocabildo
PIEDRAS;Piedras;73547;73547;Piedras
PLANADAS;Planadas;73555;73555;Planadas
PRADO;Prado;73563;73563;Prado
PURIFICACIÓN;Purificación;73585;73585;Purificación
RIOBLANCO;Rioblanco;73616;73616;Rioblanco
RONCESVALLES;Roncesvalles;73622;73622;Roncesvalles
ROVIRA;Rovira;73624;73624;Rovira
SALDAÑA;Saldaña;73671;73671;Saldaña
SAN ANTONIO;San Antonio;73675;73675;San Antonio
SAN LUIS;San Luis;73678;73678;San Luis
SANTA ISABEL;Santa Isabel;73686;73686;Santa Isabel
SUÁREZ;Suárez;73770;73770;Suárez
VALLE DE SAN JUAN;Valle De San Juan;73854;73854;Valle De San Juan
VENADILLO;Venadillo;73861;73861;Venadillo
VILLAHERMOSA;Villahermosa;73870;73870;Villahermosa
VILLARRICA;Villarrica;73873;73873;Villarrica
CALI;Cali;76001;76001;Cali
ALCALÁ;Alcalá;76020;76020;Alcalá
ANDALUCÍA;Andalucía;76036;76036;Andalucía
ANSERMANUEVO;Ansermanuevo;76041;76041;Ansermanuevo
ARGELIA;Argelia;76054;76054;Argelia
BOLÍVAR;Bolívar;76100;76100;Bolívar
BUENAVENTURA;Buenaventura;76109;76109;Buenaventura
GUADALAJARA DE BUGA;Guadalajara De Buga;76111;76111;Guadalajara De Buga
BUGALAGRANDE;Bugalagrande;76113;76113;Bugalagrande
CAICEDONIA;Caicedonia;76122;76122;Caicedonia
CALIMA;Calima;76126;76126;Calima
CANDELARIA;Candelaria;76130;76130;Candelaria
CARTAGO;Cartago;76147;76147;Cartago
DAGUA;Dagua;76233;76233;Dagua
EL ÁGUILA;El Águila;76243;76243;El Águila
EL CAIRO;El Cairo;76246;76246;El Cairo
EL CERRITO;El Cerrito;76248;76248;El Cerrito
EL DOVIO;El Dovio;76250;76250;El Dovio
FLORIDA;Florida;76275;76275;Florida
GINEBRA;Ginebra;76306;76306;Ginebra
GUACARÍ;Guacarí;76318;76318;Guacarí
JAMUNDÍ;Jamundí;76364;76364;Jamundí
LA CUMBRE;La Cumbre;76377;76377;La Cumbre
LA UNIÓN;La Unión;76400;76400;La Unión
LA VICTORIA;La Victoria;76403;76403;La Victoria
OBANDO;Obando;76497;76497;Obando
PALMIRA;Palmira;76520;76520;Palmira
PRADERA;Pradera;76563;76563;Pradera
RESTREPO;Restrepo;76606;76606;Restrepo
RIOFRÍO;Riofrío;76616;76616;Riofrío
ROLDANILLO;Roldanillo;76622;76622;Roldanillo
SAN PEDRO;San Pedro;76670;76670;San Pedro
SEVILLA;Sevilla;76736;76736;Sevilla
TORO;Toro;76823;76823;Toro
TRUJILLO;Trujillo;76828;76828;Trujillo
TULUÁ;Tuluá;76834;76834;Tuluá
ULLOA;Ulloa;76845;76845;Ulloa
VERSALLES;Versalles;76863;76863;Versalles
VIJES;Vijes;76869;76869;Vijes
YOTOCO;Yotoco;76890;76890;Yotoco
YUMBO;Yumbo;76892;76892;Yumbo
ZARZAL;Zarzal;76895;76895;Zarzal
MITÚ;Mitú;97001;97001;Mitú
CARURU;Caruru;97161;97161;Caruru
PACOA;Pacoa;97511;97511;Pacoa
TARAIRA;Taraira;97666;97666;Taraira
PAPUNAUA;Papunaua;97777;97777;Papunaua
YAVARATÉ;Yavaraté;97889;97889;Yavaraté
PUERTO CARREÑO;Puerto Carreño;99001;99001;Puerto Carreño
LA PRIMAVERA;La Primavera;99524;99524;La Primavera
SANTA ROSALÍA;Santa Rosalía;99624;99624;Santa Rosalía
CUMARIBO;Cumaribo;99773;99773;Cumaribo
